date,base_forecast,promo_multiplier,promo_type,is_promo,final_forecast,lower_95,upper_95,lower_80,upper_80
2024-07-01,402.4,1.0,,0,402.4,292.4,512.4,330.5,474.3
2024-07-02,402.4,1.0,,0,402.4,292.4,512.4,330.5,474.3
2024-07-03,402.4,1.0,,0,402.4,292.4,512.4,330.5,474.3
2024-07-04,402.4,1.0,,0,402.4,292.4,512.4,330.5,474.3
2024-07-05,402.4,1.0,,0,402.4,292.4,512.4,330.5,474.3
2024-07-06,402.4,1.0,,0,402.4,292.4,512.4,330.5,474.3
2024-07-07,402.4,1.0,,0,402.4,292.4,512.4,330.5,474.3
2024-07-08,402.4,1.0,,0,402.4,292.4,512.4,330.5,474.3
2024-07-09,402.4,1.0,,0,402.4,292.4,512.4,330.5,474.3
2024-07-10,402.4,1.0,,0,402.4,292.4,512.4,330.5,474.3
2024-07-11,402.4,1.0,,0,402.4,292.4,512.4,330.5,474.3
2024-07-12,402.4,1.0,,0,402.4,292.4,512.4,330.5,474.3
2024-07-13,402.4,1.0,,0,402.4,292.4,512.4,330.5,474.3
2024-07-14,402.4,1.0,,0,402.4,292.4,512.4,330.5,474.3
2024-07-15,402.4,1.0,,0,402.4,292.4,512.4,330.5,474.3
2024-07-16,402.4,1.2,Competitor mega sale (July),1,503.0,365.5,640.5,413.1,592.9
2024-07-17,402.4,1.2,Competitor mega sale (July),1,503.0,365.5,640.5,413.1,592.9
2024-07-18,402.4,1.0,,0,402.4,292.4,512.4,330.5,474.3
2024-07-19,402.4,1.0,,0,402.4,292.4,512.4,330.5,474.3
2024-07-20,402.4,1.0,,0,402.4,292.4,512.4,330.5,474.3
2024-07-21,402.4,1.0,,0,402.4,292.4,512.4,330.5,474.3
2024-07-22,402.4,1.0,,0,402.4,292.4,512.4,330.5,474.3
2024-07-23,402.4,1.0,,0,402.4,292.4,512.4,330.5,474.3
2024-07-24,402.4,1.0,,0,402.4,292.4,512.4,330.5,474.3
2024-07-25,402.4,1.0,,0,402.4,292.4,512.4,330.5,474.3
2024-07-26,402.4,1.0,,0,402.4,292.4,512.4,330.5,474.3
2024-07-27,402.4,1.0,,0,402.4,292.4,512.4,330.5,474.3
2024-07-28,402.4,1.0,,0,402.4,292.4,512.4,330.5,474.3
2024-07-29,402.4,1.0,,0,402.4,292.4,512.4,330.5,474.3
2024-07-30,402.4,1.0,,0,402.4,292.4,512.4,330.5,474.3
2024-07-31,402.4,1.0,,0,402.4,292.4,512.4,330.5,474.3
2024-08-01,402.4,1.0,,0,402.4,292.4,512.4,330.5,474.3
2024-08-02,402.4,1.0,,0,402.4,292.4,512.4,330.5,474.3
2024-08-03,402.4,1.0,,0,402.4,292.4,512.4,330.5,474.3
2024-08-04,402.4,1.0,,0,402.4,292.4,512.4,330.5,474.3
2024-08-05,402.4,1.0,,0,402.4,292.4,512.4,330.5,474.3
2024-08-06,402.4,1.0,,0,402.4,292.4,512.4,330.5,474.3
2024-08-07,402.4,1.0,,0,402.4,292.4,512.4,330.5,474.3
2024-08-08,402.4,1.0,,0,402.4,292.4,512.4,330.5,474.3
2024-08-09,402.4,1.0,,0,402.4,292.4,512.4,330.5,474.3
2024-08-10,402.4,1.0,,0,402.4,292.4,512.4,330.5,474.3
2024-08-11,402.4,1.0,,0,402.4,292.4,512.4,330.5,474.3
2024-08-12,402.4,1.0,,0,402.4,292.4,512.4,330.5,474.3
2024-08-13,402.4,1.0,,0,402.4,292.4,512.4,330.5,474.3
2024-08-14,402.4,1.0,,0,402.4,292.4,512.4,330.5,474.3
2024-08-15,402.4,1.0,,0,402.4,292.4,512.4,330.5,474.3
2024-08-16,402.4,1.0,,0,402.4,292.4,512.4,330.5,474.3
2024-08-17,402.4,1.0,,0,402.4,292.4,512.4,330.5,474.3
2024-08-18,402.4,1.0,,0,402.4,292.4,512.4,330.5,474.3
2024-08-19,402.4,1.0,,0,402.4,292.4,512.4,330.5,474.3
2024-08-20,402.4,1.0,,0,402.4,292.4,512.4,330.5,474.3
2024-08-21,402.4,1.0,,0,402.4,292.4,512.4,330.5,474.3
2024-08-22,402.4,1.0,,0,402.4,292.4,512.4,330.5,474.3
2024-08-23,402.4,1.0,,0,402.4,292.4,512.4,330.5,474.3
2024-08-24,402.4,1.0,,0,402.4,292.4,512.4,330.5,474.3
2024-08-25,402.4,1.0,,0,402.4,292.4,512.4,330.5,474.3
2024-08-26,402.4,1.0,,0,402.4,292.4,512.4,330.5,474.3
2024-08-27,402.4,1.0,,0,402.4,292.4,512.4,330.5,474.3
2024-08-28,402.4,1.0,,0,402.4,292.4,512.4,330.5,474.3
2024-08-29,402.4,1.0,,0,402.4,292.4,512.4,330.5,474.3
2024-08-30,402.4,1.0,,0,402.4,292.4,512.4,330.5,474.3
2024-08-31,402.4,1.0,,0,402.4,292.4,512.4,330.5,474.3
2024-09-01,402.4,1.0,,0,402.4,292.4,512.4,330.5,474.3
2024-09-02,402.4,1.0,,0,402.4,292.4,512.4,330.5,474.3
2024-09-03,402.4,1.0,,0,402.4,292.4,512.4,330.5,474.3
2024-09-04,402.4,1.0,,0,402.4,292.4,512.4,330.5,474.3
2024-09-05,402.4,1.0,,0,402.4,292.4,512.4,330.5,474.3
2024-09-06,402.4,1.0,,0,402.4,292.4,512.4,330.5,474.3
2024-09-07,402.4,1.0,,0,402.4,292.4,512.4,330.5,474.3
2024-09-08,402.4,1.0,,0,402.4,292.4,512.4,330.5,474.3
2024-09-09,402.4,1.0,,0,402.4,292.4,512.4,330.5,474.3
2024-09-10,402.4,1.0,,0,402.4,292.4,512.4,330.5,474.3
2024-09-11,402.4,1.0,,0,402.4,292.4,512.4,330.5,474.3
2024-09-12,402.4,1.0,,0,402.4,292.4,512.4,330.5,474.3
2024-09-13,402.4,1.0,,0,402.4,292.4,512.4,330.5,474.3
2024-09-14,402.4,1.0,,0,402.4,292.4,512.4,330.5,474.3
2024-09-15,402.4,1.0,,0,402.4,292.4,512.4,330.5,474.3
2024-09-16,402.4,1.0,,0,402.4,292.4,512.4,330.5,474.3
2024-09-17,402.4,1.0,,0,402.4,292.4,512.4,330.5,474.3
2024-09-18,402.4,1.0,,0,402.4,292.4,512.4,330.5,474.3
2024-09-19,402.4,1.0,,0,402.4,292.4,512.4,330.5,474.3
2024-09-20,402.4,1.0,,0,402.4,292.4,512.4,330.5,474.3
2024-09-21,402.4,1.0,,0,402.4,292.4,512.4,330.5,474.3
2024-09-22,402.4,1.0,,0,402.4,292.4,512.4,330.5,474.3
2024-09-23,402.4,1.0,,0,402.4,292.4,512.4,330.5,474.3
2024-09-24,402.4,1.0,,0,402.4,292.4,512.4,330.5,474.3
2024-09-25,402.4,1.0,,0,402.4,292.4,512.4,330.5,474.3
2024-09-26,402.4,1.0,,0,402.4,292.4,512.4,330.5,474.3
2024-09-27,402.4,1.0,,0,402.4,292.4,512.4,330.5,474.3
2024-09-28,402.4,1.0,,0,402.4,292.4,512.4,330.5,474.3
2024-09-29,402.4,1.0,,0,402.4,292.4,512.4,330.5,474.3
2024-09-30,402.4,1.0,,0,402.4,292.4,512.4,330.5,474.3
2024-10-01,402.4,1.0,,0,402.4,292.4,512.4,330.5,474.3
2024-10-02,402.4,1.0,,0,402.4,292.4,512.4,330.5,474.3
2024-10-03,402.4,1.0,,0,402.4,292.4,512.4,330.5,474.3
2024-10-04,402.4,1.0,,0,402.4,292.4,512.4,330.5,474.3
2024-10-05,402.4,1.0,,0,402.4,292.4,512.4,330.5,474.3
2024-10-06,402.4,1.0,,0,402.4,292.4,512.4,330.5,474.3
2024-10-07,402.4,1.0,,0,402.4,292.4,512.4,330.5,474.3
2024-10-08,402.4,1.0,,0,402.4,292.4,512.4,330.5,474.3
2024-10-09,402.4,1.0,,0,402.4,292.4,512.4,330.5,474.3
2024-10-10,402.4,1.0,,0,402.4,292.4,512.4,330.5,474.3
2024-10-11,402.4,1.0,,0,402.4,292.4,512.4,330.5,474.3
2024-10-12,402.4,1.0,,0,402.4,292.4,512.4,330.5,474.3
2024-10-13,402.4,1.0,,0,402.4,292.4,512.4,330.5,474.3
2024-10-14,402.4,1.0,,0,402.4,292.4,512.4,330.5,474.3
2024-10-15,402.4,1.0,,0,402.4,292.4,512.4,330.5,474.3
2024-10-16,402.4,1.0,,0,402.4,292.4,512.4,330.5,474.3
2024-10-17,402.4,1.0,,0,402.4,292.4,512.4,330.5,474.3
2024-10-18,402.4,1.0,,0,402.4,292.4,512.4,330.5,474.3
2024-10-19,402.4,1.0,,0,402.4,292.4,512.4,330.5,474.3
2024-10-20,402.4,1.0,,0,402.4,292.4,512.4,330.5,474.3
2024-10-21,402.4,1.0,,0,402.4,292.4,512.4,330.5,474.3
2024-10-22,402.4,1.0,,0,402.4,292.4,512.4,330.5,474.3
2024-10-23,402.4,1.0,,0,402.4,292.4,512.4,330.5,474.3
2024-10-24,402.4,1.0,,0,402.4,292.4,512.4,330.5,474.3
2024-10-25,402.4,1.0,,0,402.4,292.4,512.4,330.5,474.3
2024-10-26,402.4,1.0,,0,402.4,292.4,512.4,330.5,474.3
2024-10-27,402.4,1.0,,0,402.4,292.4,512.4,330.5,474.3
2024-10-28,402.4,1.0,,0,402.4,292.4,512.4,330.5,474.3
2024-10-29,402.4,1.0,,0,402.4,292.4,512.4,330.5,474.3
2024-10-30,402.4,1.0,,0,402.4,292.4,512.4,330.5,474.3
2024-10-31,402.4,1.0,,0,402.4,292.4,512.4,330.5,474.3
2024-11-01,402.4,1.0,,0,402.4,292.4,512.4,330.5,474.3
2024-11-02,402.4,1.0,,0,402.4,292.4,512.4,330.5,474.3
2024-11-03,402.4,1.0,,0,402.4,292.4,512.4,330.5,474.3
2024-11-04,402.4,1.0,,0,402.4,292.4,512.4,330.5,474.3
2024-11-05,402.4,1.0,,0,402.4,292.4,512.4,330.5,474.3
2024-11-06,402.4,1.0,,0,402.4,292.4,512.4,330.5,474.3
2024-11-07,402.4,1.0,,0,402.4,292.4,512.4,330.5,474.3
2024-11-08,402.4,1.0,,0,402.4,292.4,512.4,330.5,474.3
2024-11-09,402.4,1.0,,0,402.4,292.4,512.4,330.5,474.3
2024-11-10,402.4,1.0,,0,402.4,292.4,512.4,330.5,474.3
2024-11-11,402.4,1.0,,0,402.4,292.4,512.4,330.5,474.3
2024-11-12,402.4,1.2,Competitor mega sale (November),1,503.0,365.5,640.5,413.1,592.9
2024-11-13,402.4,1.2,Competitor mega sale (November),1,503.0,365.5,640.5,413.1,592.9
2024-11-14,402.4,1.0,,0,402.4,292.4,512.4,330.5,474.3
2024-11-15,402.4,1.0,,0,402.4,292.4,512.4,330.5,474.3
2024-11-16,402.4,1.0,,0,402.4,292.4,512.4,330.5,474.3
2024-11-17,402.4,1.0,,0,402.4,292.4,512.4,330.5,474.3
2024-11-18,402.4,1.0,,0,402.4,292.4,512.4,330.5,474.3
2024-11-19,402.4,1.0,,0,402.4,292.4,512.4,330.5,474.3
2024-11-20,402.4,1.0,,0,402.4,292.4,512.4,330.5,474.3
2024-11-21,402.4,1.0,,0,402.4,292.4,512.4,330.5,474.3
2024-11-22,402.4,1.0,,0,402.4,292.4,512.4,330.5,474.3
2024-11-23,402.4,1.0,,0,402.4,292.4,512.4,330.5,474.3
2024-11-24,402.4,1.0,,0,402.4,292.4,512.4,330.5,474.3
2024-11-25,402.4,1.0,,0,402.4,292.4,512.4,330.5,474.3
2024-11-26,402.4,1.0,,0,402.4,292.4,512.4,330.5,474.3
2024-11-27,402.4,1.0,,0,402.4,292.4,512.4,330.5,474.3
2024-11-28,402.4,1.0,,0,402.4,292.4,512.4,330.5,474.3
2024-11-29,402.4,1.2,Black Friday to Cyber Monday,1,503.0,365.5,640.5,413.1,592.9
2024-11-30,402.4,1.2,Black Friday to Cyber Monday,1,503.0,365.5,640.5,413.1,592.9
2024-12-01,402.4,1.2,Black Friday to Cyber Monday,1,503.0,365.5,640.5,413.1,592.9
2024-12-02,402.4,1.2,Black Friday to Cyber Monday,1,503.0,365.5,640.5,413.1,592.9
2024-12-03,402.4,1.0,,0,402.4,292.4,512.4,330.5,474.3
2024-12-04,402.4,1.0,,0,402.4,292.4,512.4,330.5,474.3
2024-12-05,402.4,1.0,,0,402.4,292.4,512.4,330.5,474.3
2024-12-06,402.4,1.0,,0,402.4,292.4,512.4,330.5,474.3
2024-12-07,402.4,1.0,,0,402.4,292.4,512.4,330.5,474.3
2024-12-08,402.4,1.0,,0,402.4,292.4,512.4,330.5,474.3
2024-12-09,402.4,1.0,,0,402.4,292.4,512.4,330.5,474.3
2024-12-10,402.4,1.0,,0,402.4,292.4,512.4,330.5,474.3
2024-12-11,402.4,1.0,,0,402.4,292.4,512.4,330.5,474.3
2024-12-12,402.4,1.0,,0,402.4,292.4,512.4,330.5,474.3
2024-12-13,402.4,1.0,,0,402.4,292.4,512.4,330.5,474.3
2024-12-14,402.4,1.0,,0,402.4,292.4,512.4,330.5,474.3
2024-12-15,402.4,1.0,,0,402.4,292.4,512.4,330.5,474.3
2024-12-16,402.4,1.0,,0,402.4,292.4,512.4,330.5,474.3
2024-12-17,402.4,1.0,,0,402.4,292.4,512.4,330.5,474.3
2024-12-18,402.4,1.0,,0,402.4,292.4,512.4,330.5,474.3
2024-12-19,402.4,1.0,,0,402.4,292.4,512.4,330.5,474.3
2024-12-20,402.4,1.0,,0,402.4,292.4,512.4,330.5,474.3
2024-12-21,402.4,1.0,,0,402.4,292.4,512.4,330.5,474.3
2024-12-22,402.4,1.0,,0,402.4,292.4,512.4,330.5,474.3
2024-12-23,402.4,1.0,,0,402.4,292.4,512.4,330.5,474.3
2024-12-24,402.4,1.0,,0,402.4,292.4,512.4,330.5,474.3
2024-12-25,402.4,1.0,,0,402.4,292.4,512.4,330.5,474.3
2024-12-26,402.4,1.2,Competitor mega sale (Boxing Day),1,503.0,365.5,640.5,413.1,592.9
2024-12-27,402.4,1.2,Competitor mega sale (Boxing Day),1,503.0,365.5,640.5,413.1,592.9
2024-12-28,402.4,1.0,,0,402.4,292.4,512.4,330.5,474.3
2024-12-29,402.4,1.0,,0,402.4,292.4,512.4,330.5,474.3
2024-12-30,402.4,1.0,,0,402.4,292.4,512.4,330.5,474.3
2024-12-31,402.4,1.0,,0,402.4,292.4,512.4,330.5,474.3
2025-01-01,402.4,1.0,,0,402.4,292.4,512.4,330.5,474.3
2025-01-02,402.4,1.0,,0,402.4,292.4,512.4,330.5,474.3
2025-01-03,402.4,1.0,,0,402.4,292.4,512.4,330.5,474.3
2025-01-04,402.4,1.0,,0,402.4,292.4,512.4,330.5,474.3
2025-01-05,402.4,1.0,,0,402.4,292.4,512.4,330.5,474.3
2025-01-06,402.4,1.0,,0,402.4,292.4,512.4,330.5,474.3
2025-01-07,402.4,1.0,,0,402.4,292.4,512.4,330.5,474.3
2025-01-08,402.4,1.0,,0,402.4,292.4,512.4,330.5,474.3
2025-01-09,402.4,1.0,,0,402.4,292.4,512.4,330.5,474.3
2025-01-10,402.4,1.0,,0,402.4,292.4,512.4,330.5,474.3
2025-01-11,402.4,1.0,,0,402.4,292.4,512.4,330.5,474.3
2025-01-12,402.4,1.0,,0,402.4,292.4,512.4,330.5,474.3
2025-01-13,402.4,1.0,,0,402.4,292.4,512.4,330.5,474.3
2025-01-14,402.4,1.0,,0,402.4,292.4,512.4,330.5,474.3
2025-01-15,402.4,1.0,,0,402.4,292.4,512.4,330.5,474.3
2025-01-16,402.4,1.0,,0,402.4,292.4,512.4,330.5,474.3
2025-01-17,402.4,1.0,,0,402.4,292.4,512.4,330.5,474.3
2025-01-18,402.4,1.0,,0,402.4,292.4,512.4,330.5,474.3
2025-01-19,402.4,1.0,,0,402.4,292.4,512.4,330.5,474.3
2025-01-20,402.4,1.0,,0,402.4,292.4,512.4,330.5,474.3
2025-01-21,402.4,1.0,,0,402.4,292.4,512.4,330.5,474.3
2025-01-22,402.4,1.0,,0,402.4,292.4,512.4,330.5,474.3
2025-01-23,402.4,1.0,,0,402.4,292.4,512.4,330.5,474.3
2025-01-24,402.4,1.0,,0,402.4,292.4,512.4,330.5,474.3
2025-01-25,402.4,1.0,,0,402.4,292.4,512.4,330.5,474.3
2025-01-26,402.4,1.0,,0,402.4,292.4,512.4,330.5,474.3
2025-01-27,402.4,1.0,,0,402.4,292.4,512.4,330.5,474.3
2025-01-28,402.4,1.0,,0,402.4,292.4,512.4,330.5,474.3
2025-01-29,402.4,1.0,,0,402.4,292.4,512.4,330.5,474.3
2025-01-30,402.4,1.0,,0,402.4,292.4,512.4,330.5,474.3
2025-01-31,402.4,1.0,,0,402.4,292.4,512.4,330.5,474.3
2025-02-01,402.4,1.0,,0,402.4,292.4,512.4,330.5,474.3
2025-02-02,402.4,1.0,,0,402.4,292.4,512.4,330.5,474.3
2025-02-03,402.4,1.0,,0,402.4,292.4,512.4,330.5,474.3
2025-02-04,402.4,1.0,,0,402.4,292.4,512.4,330.5,474.3
2025-02-05,402.4,1.0,,0,402.4,292.4,512.4,330.5,474.3
2025-02-06,402.4,1.0,,0,402.4,292.4,512.4,330.5,474.3
2025-02-07,402.4,1.0,,0,402.4,292.4,512.4,330.5,474.3
2025-02-08,402.4,1.0,,0,402.4,292.4,512.4,330.5,474.3
2025-02-09,402.4,1.0,,0,402.4,292.4,512.4,330.5,474.3
2025-02-10,402.4,1.0,,0,402.4,292.4,512.4,330.5,474.3
2025-02-11,402.4,1.0,,0,402.4,292.4,512.4,330.5,474.3
2025-02-12,402.4,1.0,,0,402.4,292.4,512.4,330.5,474.3
2025-02-13,402.4,1.0,,0,402.4,292.4,512.4,330.5,474.3
2025-02-14,402.4,1.0,,0,402.4,292.4,512.4,330.5,474.3
2025-02-15,402.4,1.0,,0,402.4,292.4,512.4,330.5,474.3
2025-02-16,402.4,1.0,,0,402.4,292.4,512.4,330.5,474.3
2025-02-17,402.4,1.0,,0,402.4,292.4,512.4,330.5,474.3
2025-02-18,402.4,1.0,,0,402.4,292.4,512.4,330.5,474.3
2025-02-19,402.4,1.0,,0,402.4,292.4,512.4,330.5,474.3
2025-02-20,402.4,1.0,,0,402.4,292.4,512.4,330.5,474.3
2025-02-21,402.4,1.0,,0,402.4,292.4,512.4,330.5,474.3
2025-02-22,402.4,1.0,,0,402.4,292.4,512.4,330.5,474.3
2025-02-23,402.4,1.0,,0,402.4,292.4,512.4,330.5,474.3
2025-02-24,402.4,1.0,,0,402.4,292.4,512.4,330.5,474.3
2025-02-25,402.4,1.0,,0,402.4,292.4,512.4,330.5,474.3
2025-02-26,402.4,1.0,,0,402.4,292.4,512.4,330.5,474.3
2025-02-27,402.4,1.0,,0,402.4,292.4,512.4,330.5,474.3
2025-02-28,402.4,1.0,,0,402.4,292.4,512.4,330.5,474.3
2025-03-01,402.4,1.0,,0,402.4,292.4,512.4,330.5,474.3
2025-03-02,402.4,1.0,,0,402.4,292.4,512.4,330.5,474.3
2025-03-03,402.4,1.0,,0,402.4,292.4,512.4,330.5,474.3
2025-03-04,402.4,1.0,,0,402.4,292.4,512.4,330.5,474.3
2025-03-05,402.4,1.0,,0,402.4,292.4,512.4,330.5,474.3
2025-03-06,402.4,1.0,,0,402.4,292.4,512.4,330.5,474.3
2025-03-07,402.4,1.0,,0,402.4,292.4,512.4,330.5,474.3
2025-03-08,402.4,1.0,,0,402.4,292.4,512.4,330.5,474.3
2025-03-09,402.4,1.0,,0,402.4,292.4,512.4,330.5,474.3
2025-03-10,402.4,1.0,,0,402.4,292.4,512.4,330.5,474.3
2025-03-11,402.4,1.0,,0,402.4,292.4,512.4,330.5,474.3
2025-03-12,402.4,1.0,,0,402.4,292.4,512.4,330.5,474.3
2025-03-13,402.4,1.0,,0,402.4,292.4,512.4,330.5,474.3
2025-03-14,402.4,1.0,,0,402.4,292.4,512.4,330.5,474.3
2025-03-15,402.4,1.0,,0,402.4,292.4,512.4,330.5,474.3
2025-03-16,402.4,1.0,,0,402.4,292.4,512.4,330.5,474.3
2025-03-17,402.4,1.0,,0,402.4,292.4,512.4,330.5,474.3
2025-03-18,402.4,1.0,,0,402.4,292.4,512.4,330.5,474.3
2025-03-19,402.4,1.0,,0,402.4,292.4,512.4,330.5,474.3
2025-03-20,402.4,1.0,,0,402.4,292.4,512.4,330.5,474.3
2025-03-21,402.4,1.0,,0,402.4,292.4,512.4,330.5,474.3
2025-03-22,402.4,1.0,,0,402.4,292.4,512.4,330.5,474.3
2025-03-23,402.4,1.0,,0,402.4,292.4,512.4,330.5,474.3
2025-03-24,402.4,1.0,,0,402.4,292.4,512.4,330.5,474.3
2025-03-25,402.4,1.0,,0,402.4,292.4,512.4,330.5,474.3
2025-03-26,402.4,1.0,,0,402.4,292.4,512.4,330.5,474.3
2025-03-27,402.4,1.0,,0,402.4,292.4,512.4,330.5,474.3
2025-03-28,402.4,1.0,,0,402.4,292.4,512.4,330.5,474.3
2025-03-29,402.4,1.0,,0,402.4,292.4,512.4,330.5,474.3
2025-03-30,402.4,1.0,,0,402.4,292.4,512.4,330.5,474.3
2025-03-31,402.4,1.0,,0,402.4,292.4,512.4,330.5,474.3
2025-04-01,402.4,1.0,,0,402.4,292.4,512.4,330.5,474.3
2025-04-02,402.4,1.0,,0,402.4,292.4,512.4,330.5,474.3
2025-04-03,402.4,1.0,,0,402.4,292.4,512.4,330.5,474.3
2025-04-04,402.4,1.0,,0,402.4,292.4,512.4,330.5,474.3
2025-04-05,402.4,1.0,,0,402.4,292.4,512.4,330.5,474.3
2025-04-06,402.4,1.0,,0,402.4,292.4,512.4,330.5,474.3
2025-04-07,402.4,1.0,,0,402.4,292.4,512.4,330.5,474.3
2025-04-08,402.4,1.0,,0,402.4,292.4,512.4,330.5,474.3
2025-04-09,402.4,1.0,,0,402.4,292.4,512.4,330.5,474.3
2025-04-10,402.4,1.0,,0,402.4,292.4,512.4,330.5,474.3
2025-04-11,402.4,1.0,,0,402.4,292.4,512.4,330.5,474.3
2025-04-12,402.4,1.0,,0,402.4,292.4,512.4,330.5,474.3
2025-04-13,402.4,1.0,,0,402.4,292.4,512.4,330.5,474.3
2025-04-14,402.4,1.0,,0,402.4,292.4,512.4,330.5,474.3
2025-04-15,402.4,1.0,,0,402.4,292.4,512.4,330.5,474.3
2025-04-16,402.4,1.0,,0,402.4,292.4,512.4,330.5,474.3
2025-04-17,402.4,1.0,,0,402.4,292.4,512.4,330.5,474.3
2025-04-18,402.4,1.0,,0,402.4,292.4,512.4,330.5,474.3
2025-04-19,402.4,1.0,,0,402.4,292.4,512.4,330.5,474.3
2025-04-20,402.4,1.0,,0,402.4,292.4,512.4,330.5,474.3
2025-04-21,402.4,1.0,,0,402.4,292.4,512.4,330.5,474.3
2025-04-22,402.4,1.0,,0,402.4,292.4,512.4,330.5,474.3
2025-04-23,402.4,1.0,,0,402.4,292.4,512.4,330.5,474.3
2025-04-24,402.4,1.0,,0,402.4,292.4,512.4,330.5,474.3
2025-04-25,402.4,1.0,,0,402.4,292.4,512.4,330.5,474.3
2025-04-26,402.4,1.0,,0,402.4,292.4,512.4,330.5,474.3
2025-04-27,402.4,1.0,,0,402.4,292.4,512.4,330.5,474.3
2025-04-28,402.4,1.0,,0,402.4,292.4,512.4,330.5,474.3
2025-04-29,402.4,1.0,,0,402.4,292.4,512.4,330.5,474.3
2025-04-30,402.4,1.0,,0,402.4,292.4,512.4,330.5,474.3
2025-05-01,402.4,1.0,,0,402.4,292.4,512.4,330.5,474.3
2025-05-02,402.4,1.0,,0,402.4,292.4,512.4,330.5,474.3
2025-05-03,402.4,1.0,,0,402.4,292.4,512.4,330.5,474.3
2025-05-04,402.4,1.0,,0,402.4,292.4,512.4,330.5,474.3
2025-05-05,402.4,1.0,,0,402.4,292.4,512.4,330.5,474.3
2025-05-06,402.4,1.0,,0,402.4,292.4,512.4,330.5,474.3
2025-05-07,402.4,1.0,,0,402.4,292.4,512.4,330.5,474.3
2025-05-08,402.4,1.0,,0,402.4,292.4,512.4,330.5,474.3
2025-05-09,402.4,1.0,,0,402.4,292.4,512.4,330.5,474.3
2025-05-10,402.4,1.0,,0,402.4,292.4,512.4,330.5,474.3
2025-05-11,402.4,1.0,,0,402.4,292.4,512.4,330.5,474.3
2025-05-12,402.4,1.0,,0,402.4,292.4,512.4,330.5,474.3
2025-05-13,402.4,1.0,,0,402.4,292.4,512.4,330.5,474.3
2025-05-14,402.4,1.0,,0,402.4,292.4,512.4,330.5,474.3
2025-05-15,402.4,1.0,,0,402.4,292.4,512.4,330.5,474.3
2025-05-16,402.4,1.0,,0,402.4,292.4,512.4,330.5,474.3
2025-05-17,402.4,1.0,,0,402.4,292.4,512.4,330.5,474.3
2025-05-18,402.4,1.0,,0,402.4,292.4,512.4,330.5,474.3
2025-05-19,402.4,1.0,,0,402.4,292.4,512.4,330.5,474.3
2025-05-20,402.4,1.0,,0,402.4,292.4,512.4,330.5,474.3
2025-05-21,402.4,1.0,,0,402.4,292.4,512.4,330.5,474.3
2025-05-22,402.4,1.0,,0,402.4,292.4,512.4,330.5,474.3
2025-05-23,402.4,1.0,,0,402.4,292.4,512.4,330.5,474.3
2025-05-24,402.4,1.0,,0,402.4,292.4,512.4,330.5,474.3
2025-05-25,402.4,1.0,,0,402.4,292.4,512.4,330.5,474.3
2025-05-26,402.4,1.0,,0,402.4,292.4,512.4,330.5,474.3
2025-05-27,402.4,1.0,,0,402.4,292.4,512.4,330.5,474.3
2025-05-28,402.4,1.0,,0,402.4,292.4,512.4,330.5,474.3
2025-05-29,402.4,1.0,,0,402.4,292.4,512.4,330.5,474.3
2025-05-30,402.4,1.0,,0,402.4,292.4,512.4,330.5,474.3
2025-05-31,402.4,1.0,,0,402.4,292.4,512.4,330.5,474.3
2025-06-01,402.4,1.0,,0,402.4,292.4,512.4,330.5,474.3
2025-06-02,402.4,1.0,,0,402.4,292.4,512.4,330.5,474.3
2025-06-03,402.4,1.0,,0,402.4,292.4,512.4,330.5,474.3
2025-06-04,402.4,1.0,,0,402.4,292.4,512.4,330.5,474.3
2025-06-05,402.4,1.0,,0,402.4,292.4,512.4,330.5,474.3
2025-06-06,402.4,1.0,,0,402.4,292.4,512.4,330.5,474.3
2025-06-07,402.4,1.0,,0,402.4,292.4,512.4,330.5,474.3
2025-06-08,402.4,1.0,,0,402.4,292.4,512.4,330.5,474.3
2025-06-09,402.4,1.0,,0,402.4,292.4,512.4,330.5,474.3
2025-06-10,402.4,1.0,,0,402.4,292.4,512.4,330.5,474.3
2025-06-11,402.4,1.0,,0,402.4,292.4,512.4,330.5,474.3
2025-06-12,402.4,1.0,,0,402.4,292.4,512.4,330.5,474.3
2025-06-13,402.4,1.0,,0,402.4,292.4,512.4,330.5,474.3
2025-06-14,402.4,1.0,,0,402.4,292.4,512.4,330.5,474.3
2025-06-15,402.4,1.0,,0,402.4,292.4,512.4,330.5,474.3
2025-06-16,402.4,1.0,,0,402.4,292.4,512.4,330.5,474.3
2025-06-17,402.4,1.0,,0,402.4,292.4,512.4,330.5,474.3
2025-06-18,402.4,1.0,,0,402.4,292.4,512.4,330.5,474.3
2025-06-19,402.4,1.0,,0,402.4,292.4,512.4,330.5,474.3
2025-06-20,402.4,1.0,,0,402.4,292.4,512.4,330.5,474.3
2025-06-21,402.4,1.0,,0,402.4,292.4,512.4,330.5,474.3
2025-06-22,402.4,1.0,,0,402.4,292.4,512.4,330.5,474.3
2025-06-23,402.4,1.0,,0,402.4,292.4,512.4,330.5,474.3
2025-06-24,402.4,1.2,End of financial year,1,503.0,365.5,640.5,413.1,592.9
2025-06-25,402.4,1.2,End of financial year,1,503.0,365.5,640.5,413.1,592.9
2025-06-26,402.4,1.2,End of financial year,1,503.0,365.5,640.5,413.1,592.9
2025-06-27,402.4,1.2,End of financial year,1,503.0,365.5,640.5,413.1,592.9
2025-06-28,402.4,1.2,End of financial year,1,503.0,365.5,640.5,413.1,592.9
2025-06-29,402.4,1.2,End of financial year,1,503.0,365.5,640.5,413.1,592.9
2025-06-30,402.4,1.2,End of financial year,1,503.0,365.5,640.5,413.1,592.9
