week_starting_monday,days,base_forecast,promo_days,final_forecast,lower_95,upper_95,lower_80,upper_80
2024-07-01,7,2817.0,0,2817.0,2523.0,3110.0,2625.0,3009.0
2024-07-08,7,2817.0,0,2817.0,2523.0,3110.0,2625.0,3009.0
2024-07-15,7,2817.0,2,3018.0,2703.0,3333.0,2812.0,3224.0
2024-07-22,7,2817.0,0,2817.0,2523.0,3110.0,2625.0,3009.0
2024-07-29,7,2817.0,0,2817.0,2523.0,3110.0,2625.0,3009.0
2024-08-05,7,2817.0,0,2817.0,2523.0,3110.0,2625.0,3009.0
2024-08-12,7,2817.0,0,2817.0,2523.0,3110.0,2625.0,3009.0
2024-08-19,7,2817.0,0,2817.0,2523.0,3110.0,2625.0,3009.0
2024-08-26,7,2817.0,0,2817.0,2523.0,3110.0,2625.0,3009.0
2024-09-02,7,2817.0,0,2817.0,2523.0,3110.0,2625.0,3009.0
2024-09-09,7,2817.0,0,2817.0,2523.0,3110.0,2625.0,3009.0
2024-09-16,7,2817.0,0,2817.0,2523.0,3110.0,2625.0,3009.0
2024-09-23,7,2817.0,0,2817.0,2523.0,3110.0,2625.0,3009.0
2024-09-30,7,2817.0,0,2817.0,2523.0,3110.0,2625.0,3009.0
2024-10-07,7,2817.0,0,2817.0,2523.0,3110.0,2625.0,3009.0
2024-10-14,7,2817.0,0,2817.0,2523.0,3110.0,2625.0,3009.0
2024-10-21,7,2817.0,0,2817.0,2523.0,3110.0,2625.0,3009.0
2024-10-28,7,2817.0,0,2817.0,2523.0,3110.0,2625.0,3009.0
2024-11-04,7,2817.0,0,2817.0,2523.0,3110.0,2625.0,3009.0
2024-11-11,7,2817.0,2,3018.0,2703.0,3333.0,2812.0,3224.0
2024-11-18,7,2817.0,0,2817.0,2523.0,3110.0,2625.0,3009.0
2024-11-25,7,2817.0,3,3119.0,2794.0,3444.0,2906.0,3331.0
2024-12-02,7,2817.0,1,2917.0,2613.0,3221.0,2719.0,3116.0
2024-12-09,7,2817.0,0,2817.0,2523.0,3110.0,2625.0,3009.0
2024-12-16,7,2817.0,0,2817.0,2523.0,3110.0,2625.0,3009.0
2024-12-23,7,2817.0,2,3018.0,2703.0,3333.0,2812.0,3224.0
2024-12-30,7,2817.0,0,2817.0,2523.0,3110.0,2625.0,3009.0
2025-01-06,7,2817.0,0,2817.0,2523.0,3110.0,2625.0,3009.0
2025-01-13,7,2817.0,0,2817.0,2523.0,3110.0,2625.0,3009.0
2025-01-20,7,2817.0,0,2817.0,2523.0,3110.0,2625.0,3009.0
2025-01-27,7,2817.0,0,2817.0,2523.0,3110.0,2625.0,3009.0
2025-02-03,7,2817.0,0,2817.0,2523.0,3110.0,2625.0,3009.0
2025-02-10,7,2817.0,0,2817.0,2523.0,3110.0,2625.0,3009.0
2025-02-17,7,2817.0,0,2817.0,2523.0,3110.0,2625.0,3009.0
2025-02-24,7,2817.0,0,2817.0,2523.0,3110.0,2625.0,3009.0
2025-03-03,7,2817.0,0,2817.0,2523.0,3110.0,2625.0,3009.0
2025-03-10,7,2817.0,0,2817.0,2523.0,3110.0,2625.0,3009.0
2025-03-17,7,2817.0,0,2817.0,2523.0,3110.0,2625.0,3009.0
2025-03-24,7,2817.0,0,2817.0,2523.0,3110.0,2625.0,3009.0
2025-03-31,7,2817.0,0,2817.0,2523.0,3110.0,2625.0,3009.0
2025-04-07,7,2817.0,0,2817.0,2523.0,3110.0,2625.0,3009.0
2025-04-14,7,2817.0,0,2817.0,2523.0,3110.0,2625.0,3009.0
2025-04-21,7,2817.0,0,2817.0,2523.0,3110.0,2625.0,3009.0
2025-04-28,7,2817.0,0,2817.0,2523.0,3110.0,2625.0,3009.0
2025-05-05,7,2817.0,0,2817.0,2523.0,3110.0,2625.0,3009.0
2025-05-12,7,2817.0,0,2817.0,2523.0,3110.0,2625.0,3009.0
2025-05-19,7,2817.0,0,2817.0,2523.0,3110.0,2625.0,3009.0
2025-05-26,7,2817.0,0,2817.0,2523.0,3110.0,2625.0,3009.0
2025-06-02,7,2817.0,0,2817.0,2523.0,3110.0,2625.0,3009.0
2025-06-09,7,2817.0,0,2817.0,2523.0,3110.0,2625.0,3009.0
2025-06-16,7,2817.0,0,2817.0,2523.0,3110.0,2625.0,3009.0
2025-06-23,7,2817.0,6,3420.0,3064.0,3777.0,3187.0,3654.0
2025-06-30,1,402.0,1,503.0,365.0,641.0,413.0,593.0
