month,days,base_forecast,promo_days,final_forecast,lower_95,upper_95,lower_80,upper_80
2024-07,31,12474.0,2,12676.0,12026.0,13325.0,12251.0,13100.0
2024-08,31,12474.0,0,12474.0,11836.0,13113.0,12057.0,12892.0
2024-09,30,12072.0,0,12072.0,11444.0,12700.0,11662.0,12482.0
2024-10,31,12474.0,0,12474.0,11836.0,13113.0,12057.0,12892.0
2024-11,30,12072.0,4,12474.0,11826.0,13123.0,12050.0,12898.0
2024-12,31,12474.0,4,12877.0,12217.0,13536.0,12446.0,13308.0
2025-01,31,12474.0,0,12474.0,11836.0,13113.0,12057.0,12892.0
2025-02,28,11267.0,0,11267.0,10662.0,11872.0,10872.0,11663.0
2025-03,31,12474.0,0,12474.0,11836.0,13113.0,12057.0,12892.0
2025-04,30,12072.0,0,12072.0,11444.0,12700.0,11662.0,12482.0
2025-05,31,12474.0,0,12474.0,11836.0,13113.0,12057.0,12892.0
2025-06,30,12072.0,7,12776.0,12112.0,13440.0,12342.0,13211.0
